chain,uniprot_num,network_score
A,94,-1.192719778
A,97,-0.428416182
A,98,-0.192614577
A,99,-0.952674208
A,100,-0.175387084
A,101,-1.465952886
A,102,-0.965661252
A,103,-0.949928165
A,104,-0.618631124
A,105,1.906475892
A,106,0.515648466
A,107,1.760797544
A,108,1.651153984
A,109,2.631249341
A,110,-0.728795959
A,111,3.531737818
A,112,1.426280056
A,113,1.869744557
A,114,-0.756399782
A,115,-1.289057589
A,116,-1.084581619
A,117,-0.586702933
A,118,1.28439121
A,119,-1.114842619
A,120,-1.476500344
A,121,-1.527698911
A,122,-0.489534899
A,123,-0.258431289
A,124,0.234184919
A,125,1.715096863
A,126,1.473674617
A,127,-0.580562294
A,128,0.08001848
A,129,-1.422564354
A,130,-0.412594707
A,131,2.675923628
A,132,0.464384085
A,133,1.048688228
A,134,0.4788158
A,135,1.592571852
A,136,0.805646865
A,137,1.687290036
A,138,-0.96090246
A,139,-0.901487974
A,140,-0.888293048
A,141,0.701606911
A,142,-0.629691088
A,143,1.682713016
A,144,0.500759203
A,145,1.565910509
A,146,0.643176304
A,147,2.532154825
A,148,-0.629755415
A,149,1.810099538
A,150,-0.440375605
A,151,5.860067231
A,152,0.244422344
A,153,-1.488393735
A,154,-0.225846396
A,155,2.091231994
A,156,0.204836039
A,157,5.868120211
A,158,3.568909292
A,159,0.910060944
A,160,1.077497563
A,161,0.857993849
A,162,0.867228164
A,163,1.084998092
A,164,0.009218879
A,165,-0.849047945
A,166,-1.63731144
A,167,-1.446289564
A,168,-0.942728658
A,169,-0.122602362
A,170,-1.350123927
A,171,-0.940350568
A,172,0.012321042
A,173,4.013354447
A,174,-0.661431427
A,175,7.52990126
A,176,5.583984833
A,177,-0.873442971
A,178,4.913280221
A,179,2.62290358
A,180,-1.216439271
A,181,-1.534228598
A,182,-0.93979585
A,183,-1.597495081
A,184,0.027228313
A,185,-0.981516592
A,186,0.009351771
A,187,-1.104852791
A,188,-0.626209838
A,189,0.620546526
A,190,1.546781942
A,191,-0.053091101
A,192,-1.061456475
A,193,1.141279743
A,194,1.591940368
A,195,0.843895033
A,196,1.656506474
A,197,3.041653982
A,198,-0.711489579
A,199,-1.311837128
A,200,-0.651453071
A,201,-1.58422467
A,202,-1.309903993
A,203,2.988320539
A,204,-0.790720243
A,205,3.228111916
A,206,-0.73514473
A,207,-0.80601498
A,208,-1.447113473
A,209,-1.662010063
A,210,-1.662010063
A,211,-0.48295047
A,212,-1.59571492
A,213,1.271248054
A,214,0.041302766
A,215,1.282516776
A,216,2.484539087
A,217,1.989915917
A,218,1.969889656
A,219,-0.975158521
A,220,2.585127911
A,221,-1.237461954
A,222,-1.122388705
A,223,-0.087071802
A,224,-1.529673998
A,225,-1.619030745
A,226,-1.105106749
A,227,-0.209427631
A,228,-0.482649593
A,229,0.696779001
A,230,-0.062642039
A,231,-0.6433293
A,232,0.797686448
A,233,-0.915808988
A,234,1.571999432
A,235,-0.427428194
A,236,3.134336312
A,237,1.39786086
A,238,3.913260608
A,239,3.753531801
A,240,1.15946485
A,241,-0.524613373
A,242,0.418537933
A,243,-0.776035203
A,244,-0.834948698
A,245,2.797135552
A,246,2.512957531
A,247,-1.44040926
A,248,-1.536923302
A,249,3.332363713
A,250,1.039832297
A,251,0.401480705
A,252,1.071906812
A,253,3.15756162
A,254,0.870589778
A,255,2.097829575
A,256,1.846333623
A,257,3.341084915
A,258,2.33210414
A,259,3.642747009
A,260,-1.189771604
A,261,-1.396517224
A,262,-0.43570361
A,263,-0.666904575
A,264,-0.561224723
A,265,8.357699357
A,266,1.42755207
A,267,0.283783301
A,268,0.156341907
A,269,-0.756273163
A,270,3.597298864
A,271,0.527465651
A,272,0.858813336
A,273,1.213012689
A,274,9.133482152
A,275,1.931593993
A,276,3.639726416
A,277,-0.779711461
A,278,3.073495897
A,279,0.685419116
A,280,-1.023634246
A,281,0.084363912
A,282,3.038957347
A,283,-1.259539022
A,284,-1.633816191
A,285,0.023636432
A,286,-1.102147488
A,287,-1.665591613
A,288,-1.482229684
A,289,-1.299321769
B,94,-1.192719778
B,97,-0.636392943
B,98,0.720859396
B,99,-0.952674208
B,100,-0.175387084
B,101,-1.465952886
B,102,-0.965661252
B,103,-0.949928165
B,104,-0.618631124
B,105,1.906475892
B,106,0.515648466
B,107,1.760797544
B,108,1.651153984
B,109,2.631249341
B,110,-0.728795959
B,111,2.910922124
B,112,2.300662351
B,113,1.771333128
B,114,-0.756399782
B,115,-1.289057589
B,116,-1.084581619
B,117,-0.586702933
B,118,1.28439121
B,119,-1.114842619
B,120,-1.476500344
B,121,-1.527698911
B,122,-0.489534899
B,123,-0.258431289
B,124,0.393493598
B,125,1.301165722
B,126,1.180345796
B,127,-0.580562294
B,128,0.116940996
B,129,-1.422564354
B,130,-0.412594707
B,131,2.411269142
B,132,0.53035499
B,133,1.277730375
B,134,0.605196847
B,135,1.592571852
B,136,0.881314305
B,137,1.687290036
B,138,-0.96090246
B,139,-0.901487974
B,140,-0.888293048
B,141,0.701606911
B,142,-0.629691088
B,143,1.195171706
B,144,0.856694042
B,145,1.472259216
B,146,0.643176304
B,147,2.532154825
B,148,-0.629755415
B,149,1.810099538
B,150,-0.440375605
B,151,5.860067231
B,152,0.475391113
B,153,-1.488393735
B,154,-0.224917895
B,155,1.976309546
B,156,0.204836039
B,157,5.868120211
B,158,3.568909292
B,159,0.910060944
B,160,1.077497563
B,161,0.533128863
B,162,1.371268101
B,163,1.191764379
B,164,-0.586072157
B,165,-0.849047945
B,166,-1.63731144
B,167,-1.446289564
B,168,-0.942728658
B,169,-0.769203547
B,170,-1.350123927
B,171,-0.940350568
B,172,-0.391890367
B,173,4.055339899
B,174,-0.564958019
B,175,7.52990126
B,176,5.583984833
B,177,-0.663712979
B,178,4.913280221
B,179,2.62290358
B,180,-1.216439271
B,181,-1.534228598
B,182,-0.93979585
B,183,-1.597495081
B,184,-0.102948058
B,185,-0.981516592
B,186,-0.125800288
B,187,-1.104852791
B,188,-0.626209838
B,189,0.613475047
B,190,1.546781942
B,191,-0.053091101
B,192,-1.061456475
B,193,1.022384858
B,194,1.591940368
B,195,0.89039445
B,196,1.656506474
B,197,2.314464051
B,198,-0.711489579
B,199,-1.311837128
B,200,-0.65914699
B,201,-1.58422467
B,202,-1.324408695
B,203,2.988320539
B,204,-0.790720243
B,205,3.130182491
B,206,-0.73514473
B,207,-0.80601498
B,208,-1.447113473
B,209,-1.662010063
B,210,-1.662010063
B,211,-0.494525732
B,212,-1.59571492
B,213,0.778805224
B,214,0.331129095
B,215,1.282516776
B,216,2.057592816
B,217,1.989915917
B,218,2.055962155
B,219,-0.975158521
B,220,2.585127911
B,221,-1.237461954
B,222,-1.122388705
B,223,0.026207134
B,224,-1.529673998
B,225,-1.619030745
B,226,-1.104389445
B,227,0.048834485
B,228,-0.760046776
B,229,1.382465367
B,230,-0.062642039
B,231,-0.6433293
B,232,0.797686448
B,233,-0.915808988
B,234,1.148872202
B,235,-0.530025871
B,236,3.134336312
B,237,1.39786086
B,238,3.600328066
B,239,3.753531801
B,240,1.472124979
B,241,-0.524613373
B,242,0.418537933
B,243,-0.776035203
B,244,-0.834948698
B,245,2.797135552
B,246,2.33395543
B,247,-1.44040926
B,248,-1.536923302
B,249,3.75226494
B,250,1.149108154
B,251,0.401480705
B,252,1.071906812
B,253,3.15756162
B,254,1.452643753
B,255,2.315442134
B,256,1.846333623
B,257,3.341084915
B,258,2.33210414
B,259,3.642747009
B,260,-1.189771604
B,261,-1.396517224
B,262,-0.569363114
B,263,-0.666904575
B,264,-0.561224723
B,265,8.357699357
B,266,1.42755207
B,267,0.283783301
B,268,-0.03358738
B,269,-0.756273163
B,270,3.100208334
B,271,0.08197294
B,272,0.858813336
B,273,1.213012689
B,274,9.133482152
B,275,1.931593993
B,276,3.639726416
B,277,-0.779711461
B,278,3.073495897
B,279,0.685419116
B,280,-1.023634246
B,281,0.084363912
B,282,2.419390621
B,283,-1.259539022
B,284,-1.633816191
B,285,0.023636432
B,286,-1.102147488
B,287,-1.665591613
B,288,-1.482229684
B,289,-1.299321769
C,94,-1.192719778
C,97,-0.636392943
C,98,-0.192614577
C,99,-0.952674208
C,100,-0.175387084
C,101,-1.465952886
C,102,-0.965661252
C,103,-0.949928165
C,104,-0.618631124
C,105,1.906475892
C,106,0.515648466
C,107,1.760797544
C,108,1.651153984
C,109,2.631249341
C,110,-0.728795959
C,111,2.910922124
C,112,1.766960487
C,113,2.426681752
C,114,-0.756399782
C,115,-1.289057589
C,116,-1.084581619
C,117,-0.586702933
C,118,1.60290637
C,119,-1.114842619
C,120,-1.476500344
C,121,-1.527698911
C,122,-0.415146857
C,123,-0.258431289
C,124,0.246287622
C,125,1.036917142
C,126,1.600413542
C,127,-0.510656228
C,128,0.148308149
C,129,-1.422564354
C,130,-0.2004561
C,131,1.64784198
C,132,0.567552699
C,133,1.292938586
C,134,0.145374312
C,135,1.673029983
C,136,0.805646865
C,137,2.402155544
C,138,-0.96090246
C,139,-0.901487974
C,140,-0.888293048
C,141,0.701606911
C,142,-0.629691088
C,143,1.128251178
C,144,0.742182873
C,145,1.959267365
C,146,0.643176304
C,147,2.532154825
C,148,-0.629755415
C,149,1.810099538
C,150,-0.440375605
C,151,5.860067231
C,152,0.193931756
C,153,-1.488393735
C,154,-0.207653779
C,155,1.976309546
C,156,0.277238842
C,157,5.868120211
C,158,3.568909292
C,159,0.910060944
C,160,1.077497563
C,161,0.947481075
C,162,1.448122319
C,163,1.084998092
C,164,-0.586072157
C,165,-0.849047945
C,166,-1.63731144
C,167,-1.446289564
C,168,-0.942728658
C,169,-0.769203547
C,170,-1.350123927
C,171,-0.940350568
C,172,0.057678169
C,173,4.918805124
C,174,-0.661431427
C,175,7.52990126
C,176,5.583984833
C,177,-0.873442971
C,178,4.913280221
C,179,2.62290358
C,180,-1.216439271
C,181,-1.534228598
C,182,-0.93979585
C,183,-1.597495081
C,184,-0.102948058
C,185,-0.981516592
C,186,-0.282013148
C,187,-1.104852791
C,188,-0.626209838
C,189,0.319863904
C,190,1.546781942
C,191,-0.053091101
C,192,-1.061456475
C,193,1.022384858
C,194,1.591940368
C,195,1.146403699
C,196,1.826940504
C,197,2.73357514
C,198,-0.671216409
C,199,-1.311837128
C,200,-0.65914699
C,201,-1.58422467
C,202,-1.324408695
C,203,2.988320539
C,204,-0.790720243
C,205,3.130182491
C,206,-0.73514473
C,207,-0.80601498
C,208,-1.447113473
C,209,-1.662010063
C,210,-1.662010063
C,211,-0.458195578
C,212,-1.59571492
C,213,1.318079418
C,214,0.101931174
C,215,1.282516776
C,216,1.871136398
C,217,1.989915917
C,218,2.180678451
C,219,-0.975158521
C,220,2.585127911
C,221,-1.237461954
C,222,-1.122388705
C,223,-0.087071802
C,224,-1.529673998
C,225,-1.619030745
C,226,-1.084262794
C,227,0.086611237
C,228,-0.760046776
C,229,1.50926529
C,230,-0.062642039
C,231,-0.6433293
C,232,0.797686448
C,233,-0.915808988
C,234,1.542780906
C,235,-0.530025871
C,236,3.134336312
C,237,1.39786086
C,238,3.600328066
C,239,3.753531801
C,240,0.63687835
C,241,-0.524613373
C,242,0.418537933
C,243,-0.776035203
C,244,-0.834948698
C,245,2.797135552
C,246,1.355303939
C,247,-1.44040926
C,248,-1.536923302
C,249,3.058965798
C,250,0.555427568
C,251,0.401480705
C,252,1.071906812
C,253,3.15756162
C,254,0.973499589
C,255,2.643910496
C,256,1.846333623
C,257,3.341084915
C,258,2.33210414
C,259,3.642747009
C,260,-1.189771604
C,261,-1.396517224
C,262,-0.569363114
C,263,-0.666904575
C,264,-0.421071855
C,265,8.357699357
C,266,1.42755207
C,267,0.283783301
C,268,0.329451956
C,269,-0.756273163
C,270,2.886580393
C,271,0.439810005
C,272,0.858813336
C,273,1.213012689
C,274,9.133482152
C,275,1.931593993
C,276,3.639726416
C,277,-0.779711461
C,278,3.073495897
C,279,0.685419116
C,280,-1.023634246
C,281,0.084363912
C,282,3.076309222
C,283,-1.259539022
C,284,-1.633816191
C,285,0.179520401
C,286,-1.102147488
C,287,-1.665591613
C,288,-1.482229684
C,289,-1.299321769
D,94,-1.192719778
D,97,-0.4135893
D,98,-0.00236617
D,99,-0.952674208
D,100,0.323323156
D,101,-1.465952886
D,102,-0.965661252
D,103,-0.949928165
D,104,-0.618631124
D,105,1.906475892
D,106,0.515648466
D,107,1.760797544
D,108,1.651153984
D,109,2.631249341
D,110,-0.728795959
D,111,2.910922124
D,112,1.426280056
D,113,2.494796256
D,114,-0.756399782
D,115,-1.289057589
D,116,-1.084581619
D,117,-0.586702933
D,118,1.536198836
D,119,-1.114842619
D,120,-1.476500344
D,121,-1.527698911
D,122,-0.489534899
D,123,-0.232216407
D,124,0.227214468
D,125,1.036917142
D,126,1.221806679
D,127,-0.580562294
D,128,0.007731702
D,129,-1.422564354
D,130,-0.412594707
D,131,1.396475765
D,132,0.465776182
D,133,1.14694635
D,134,0.248475256
D,135,1.592571852
D,136,0.805646865
D,137,1.687290036
D,138,-0.96090246
D,139,-0.901487974
D,140,-0.888293048
D,141,0.701606911
D,142,-0.629691088
D,143,1.408611428
D,144,1.111197457
D,145,1.375353233
D,146,0.643176304
D,147,2.532154825
D,148,-0.629755415
D,149,1.810099538
D,150,-0.440375605
D,151,5.860067231
D,152,0.096143954
D,153,-1.488393735
D,154,-0.223886754
D,155,1.976309546
D,156,0.204836039
D,157,5.868120211
D,158,3.568909292
D,159,0.910060944
D,160,1.077497563
D,161,0.952633261
D,162,1.703288956
D,163,1.084998092
D,164,-0.586072157
D,165,-0.849047945
D,166,-1.63731144
D,167,-1.446289564
D,168,-0.942728658
D,169,-0.769203547
D,170,-1.350123927
D,171,-0.940350568
D,172,0.623289908
D,173,4.897315449
D,174,-0.595096253
D,175,7.52990126
D,176,5.583984833
D,177,-0.873442971
D,178,4.913280221
D,179,2.62290358
D,180,-1.216439271
D,181,-1.534228598
D,182,-0.93979585
D,183,-1.597495081
D,184,-0.102948058
D,185,-0.981516592
D,186,-0.100755256
D,187,-1.104852791
D,188,-0.626209838
D,189,0.881997986
D,190,1.546781942
D,191,-0.053091101
D,192,-1.061456475
D,193,1.022384858
D,194,1.591940368
D,195,0.990647741
D,196,2.268334702
D,197,2.685907262
D,198,-0.711489579
D,199,-1.311837128
D,200,-0.65914699
D,201,-1.58422467
D,202,-1.324408695
D,203,2.988320539
D,204,-0.790720243
D,205,3.130182491
D,206,-0.73514473
D,207,-0.80601498
D,208,-1.447113473
D,209,-1.662010063
D,210,-1.662010063
D,211,-0.490075674
D,212,-1.59571492
D,213,1.895596107
D,214,0.058774004
D,215,1.282516776
D,216,1.871136398
D,217,1.989915917
D,218,2.266515089
D,219,-0.975158521
D,220,2.585127911
D,221,-1.237461954
D,222,-1.122388705
D,223,0.04472639
D,224,-1.529673998
D,225,-1.619030745
D,226,-1.218828424
D,227,-0.313505792
D,228,-0.760046776
D,229,1.336060592
D,230,-0.062642039
D,231,-0.6433293
D,232,0.797686448
D,233,-0.915808988
D,234,1.244388813
D,235,-0.483522648
D,236,3.134336312
D,237,1.685200469
D,238,3.600328066
D,239,3.753531801
D,240,0.63687835
D,241,-0.524613373
D,242,0.418537933
D,243,-0.776035203
D,244,-0.834948698
D,245,2.797135552
D,246,1.355303939
D,247,-1.44040926
D,248,-1.536923302
D,249,2.918576971
D,250,0.555427568
D,251,0.401480705
D,252,2.316757012
D,253,3.15756162
D,254,0.870589778
D,255,1.626774496
D,256,1.846333623
D,257,3.341084915
D,258,2.33210414
D,259,3.642747009
D,260,-1.189771604
D,261,-1.396517224
D,262,-0.569363114
D,263,-0.666904575
D,264,-0.561224723
D,265,8.357699357
D,266,1.42755207
D,267,0.283783301
D,268,-0.06029006
D,269,-0.756273163
D,270,2.838350454
D,271,0.314916284
D,272,0.903826022
D,273,1.213012689
D,274,9.133482152
D,275,2.416988242
D,276,3.639726416
D,277,-0.779711461
D,278,3.073495897
D,279,0.685419116
D,280,-1.023634246
D,281,0.084363912
D,282,2.635849076
D,283,-1.259539022
D,284,-1.633816191
D,285,0.065258578
D,286,-1.102147488
D,287,-1.665591613
D,288,-1.482229684
D,289,-1.299321769
