gene,uniprot_num,uniprot_aa,sbna_aa1,network_score,SecondOrderIntermodularDegree_AVERAGE,NodeEdgeBetweennessSTRIDE_sidechain_MAX,LigandMULTIMERCENTROIDSC_MIN,cgc_tier,cancer_role,mutant,pair,num_ssm_affected_cases,num_cases_in_gene,ssm_affected_cases_percentage,num_gdc_ssm_affected_cases,num_gdc_ssm_cases,count_TCGA-LUAD,total_TCGA-LUAD,perc_TCGA-LUAD,count_TCGA-LUSC,total_TCGA-LUSC,perc_TCGA-LUSC,count_all_lung,total_all_lung,perc_all_lung,cmc_tier
AKT1,17,E,E,0.217917787,-0.232959532,-0.532687063,-0.983564382,1,oncogene,FALSE,1,69,4230,1.63,69,16477,2,559,0.36,0,0,0,2,559,0.003577818,1
AKT1,17,E,K,0.178302667,-0.51607313,-0.260501853,-0.954877651,1,oncogene,TRUE,1,69,4230,1.63,69,16477,2,559,0.36,0,0,0,2,559,0.003577818,1
ALK,1097,C,C,-2.128042235,-0.866995163,-0.384675031,0.876372041,1,oncogene,FALSE,2,0,0,0,0,0,0,0,0,0,0,0,0,0,0,N/A
ALK,1097,C,S,-2.087774894,-0.949926386,-0.454795263,0.683053245,1,oncogene,TRUE,2,0,0,0,0,0,0,0,0,0,0,0,0,0,0,N/A
ALK,1174,F,F,2.649682852,0.714981983,1.521563682,-0.413137187,1,oncogene,FALSE,3,5,3038,0.16,5,16477,0,0,0,0,0,0,0,0,0,1
ALK,1174,F,L,1.324058398,0.619150412,-0.173213579,-0.878121564,1,oncogene,TRUE,3,5,3038,0.16,5,16477,0,0,0,0,0,0,0,0,0,1
ALK,1275,R,Q,4.539066364,2.126574501,2.000969651,-0.411522212,1,oncogene,TRUE,4,7,3038,0.23,7,16477,0,0,0,0,0,0,0,0,0,N/A
ALK,1275,R,R,0.656542333,-0.407014715,0.619538158,-0.44401889,1,oncogene,FALSE,4,7,3038,0.23,7,16477,0,0,0,0,0,0,0,0,0,N/A
BRAF,600,V,E,-0.615278996,-0.870018065,0.025864758,-0.228874312,1,oncogene,TRUE,5,621,5012,12.39,621,16477,8,559,1.43,0,0,0,8,559,0.01431127,1
BRAF,600,V,V,-0.641199226,-0.482902232,-0.234708623,-0.076411629,1,oncogene,FALSE,5,621,5012,12.39,621,16477,8,559,1.43,0,0,0,8,559,0.01431127,1
EGFR,858,L,L,1.844055923,0.380781353,0.469010354,-0.994264216,1,oncogene,FALSE,6,56,4665,1.2,56,16477,22,559,3.94,1,490,0.2,23,1049,0.021925643,1
EGFR,858,L,R,1.564999832,-0.005402943,0.600439929,-0.969962846,1,oncogene,TRUE,6,56,4665,1.2,56,16477,22,559,3.94,1,490,0.2,23,1049,0.021925643,1
EPHA3,596,Y,F,0.673247968,0.153562506,0.497564877,-0.022120585,2,,TRUE,7,0,0,0,0,0,0,0,0,0,0,0,0,0,0,N/A
EPHA3,596,Y,Y,0.413115627,-0.220825087,0.71522546,0.081284746,2,,FALSE,7,0,0,0,0,0,0,0,0,0,0,0,0,0,0,N/A
EPHA3,608,A,T,-2.022931985,-0.871918053,-0.60309909,0.547914841,2,,TRUE,8,0,0,0,0,0,0,0,0,0,0,0,0,0,0,N/A
EPHA3,608,T,T,-0.465838023,-0.363881535,-0.19101773,-0.089061242,2,,FALSE,8,0,0,0,0,0,0,0,0,0,0,0,0,0,0,N/A
EPHA3,742,Y,F,0.907201204,0.868110323,0.03909088,0,2,,TRUE,9,0,0,0,0,0,0,0,0,0,0,0,0,0,0,N/A
EPHA3,742,Y,Y,0.800596705,0.518888997,0.169190548,-0.11251716,2,,FALSE,9,0,0,0,0,0,0,0,0,0,0,0,0,0,0,N/A
EPHA3,768,S,A,-0.323128032,-0.127337484,-0.590650566,-0.394860019,2,,TRUE,10,0,0,0,0,0,0,0,0,0,0,0,0,0,0,N/A
EPHA3,768,S,S,0.342582928,0.537894041,-0.585786775,-0.390475661,2,,FALSE,10,0,0,0,0,0,0,0,0,0,0,0,0,0,0,N/A
FGFR2,491,C,A,1.021587897,-0.402483093,0.335880227,-1.088190762,1,oncogene,TRUE,11,0,0,0,0,0,0,0,0,0,0,0,0,0,0,N/A
FGFR2,491,C,C,-0.626133041,-0.627915367,-0.362074132,-0.363856459,1,oncogene,FALSE,11,0,0,0,0,0,0,0,0,0,0,0,0,0,0,N/A
FGFR2,659,K,Q,2.541841866,0.597327707,0.325219033,-1.619295126,1,oncogene,TRUE,12,0,0,0,0,0,0,0,0,0,0,0,0,0,0,N/A
FGFR2,659,K,K,-1.209554726,-1.022662529,-0.481753269,-0.294861072,1,oncogene,FALSE,12,0,0,0,0,0,0,0,0,0,0,0,0,0,0,N/A
FGFR2,659,K,M,2.923126025,0.930024967,0.398724099,-1.594376959,1,oncogene,TRUE,13,0,0,0,0,0,0,0,0,0,0,0,0,0,0,N/A
FGFR2,659,K,K,-1.209554726,-1.022662529,-0.481753269,-0.294861072,1,oncogene,FALSE,13,0,0,0,0,0,0,0,0,0,0,0,0,0,0,N/A
KEAP1,540,E,A,-1.417840828,-0.785822011,-0.408832058,0.223186759,1,TSG,TRUE,14,0,0,0,0,0,0,0,0,0,0,0,0,0,0,N/A
KEAP1,540,E,E,-0.975463118,-0.786066996,0.104850278,0.2942464,1,TSG,FALSE,14,0,0,0,0,0,0,0,0,0,0,0,0,0,0,N/A
KEAP1,542,E,A,-1.102094396,-0.650313075,-0.213384486,0.238396835,1,TSG,TRUE,15,0,0,0,0,0,0,0,0,0,0,0,0,0,0,N/A
KEAP1,542,E,E,-1.432401624,-0.822608302,-0.454457482,0.155335841,1,TSG,FALSE,15,0,0,0,0,0,0,0,0,0,0,0,0,0,0,N/A
KIF5B,7,C,C,-0.816001876,0.469022095,-0.493650988,0.791372984,1,fusion,FALSE,16,0,0,0,0,0,0,0,0,0,0,0,0,0,0,N/A
KIF5B,7,C,S,-2.46057908,-0.332577432,-0.640541278,1.487460369,1,fusion,TRUE,16,0,0,0,0,0,0,0,0,0,0,0,0,0,0,N/A
KIF5B,65,C,A,-0.180570299,0.047682291,0.150266075,0.378518665,1,fusion,TRUE,17,0,0,0,0,0,0,0,0,0,0,0,0,0,0,N/A
KIF5B,65,C,C,1.38446504,0.314255987,0.578433933,-0.491775121,1,fusion,FALSE,17,0,0,0,0,0,0,0,0,0,0,0,0,0,0,N/A
KIF5B,168,C,A,2.653525891,0.971591851,0.1320233,-1.549910741,1,fusion,TRUE,18,0,0,0,0,0,0,0,0,0,0,0,0,0,0,N/A
KIF5B,168,C,C,0.85744597,0.823687242,-0.239222347,-0.272981075,1,fusion,FALSE,18,0,0,0,0,0,0,0,0,0,0,0,0,0,0,N/A
KIF5B,174,C,C,-1.323501979,-0.404116835,-0.523034669,0.396350477,1,fusion,FALSE,19,0,0,0,0,0,0,0,0,0,0,0,0,0,0,N/A
KIF5B,174,C,S,-0.753169894,-0.790661548,-0.624078464,-0.661570117,1,fusion,TRUE,19,0,0,0,0,0,0,0,0,0,0,0,0,0,0,N/A
KIF5B,294,C,A,1.37738626,0.924094816,0.478529439,0.025237996,1,fusion,TRUE,20,0,0,0,0,0,0,0,0,0,0,0,0,0,0,N/A
KIF5B,294,C,C,3.538858777,1.438762139,2.447894139,0.347797501,1,fusion,FALSE,20,0,0,0,0,0,0,0,0,0,0,0,0,0,0,N/A
KRAS,12,G,G,0.586749353,0.168118691,-0.637115099,-1.055745761,1,oncogene,FALSE,21,160,4813,3.32,160,16477,56,559,10.02,0,0,0,56,559,10.02,1
KRAS,12,G,C,-0.025027119,-0.554946273,-0.460313867,-0.990233021,1,oncogene,TRUE,21,160,4813,3.32,160,16477,56,559,10.02,0,0,0,56,559,10.02,1
KRAS,12,G,D,0.113178639,-0.342230539,-0.574089876,-1.029499053,1,oncogene,TRUE,22,439,4813,9.12,439,16477,18,559,3.22,0,0,0,18,559,3.22,1
KRAS,12,G,G,0.586749353,0.168118691,-0.637115099,-1.055745761,1,oncogene,FALSE,22,439,4813,9.12,439,16477,18,559,3.22,0,0,0,18,559,3.22,1
KRAS,12,G,V,0.347473249,-0.438996167,-0.090108012,-0.876577427,1,oncogene,TRUE,23,301,4813,6.25,301,16477,39,559,6.98,1,490,0.2,40,1049,0.038131554,1
KRAS,12,G,G,0.586749353,0.168118691,-0.637115099,-1.055745761,1,oncogene,FALSE,23,301,4813,6.25,301,16477,39,559,6.98,1,490,0.2,40,1049,0.038131554,1
KRAS,118,C,C,2.668864263,0.893803393,1.082040196,-0.693020673,1,oncogene,FALSE,24,1,4813,0.02,1,16477,0,0,0,1,490,0.2,1,490,0.2,Other
KRAS,118,C,S,0.740279881,0.882759336,-0.466487513,-0.324008059,1,oncogene,TRUE,24,1,4813,0.02,1,16477,0,0,0,1,490,0.2,1,490,0.2,Other
RB1,561,L,F,1.287505671,0.204523831,1.08298184,0,1,TSG,TRUE,25,0,0,0,0,0,0,0,0,0,0,0,0,0,0,N/A
RB1,561,L,L,0.788596261,0.909155103,-0.120558843,0,1,TSG,FALSE,25,0,0,0,0,0,0,0,0,0,0,0,0,0,0,N/A
RB1,780,S,A,5.803529713,0.24756325,5.555966463,0,1,TSG,TRUE,26,0,0,0,0,0,0,0,0,0,0,0,0,0,0,N/A
RB1,780,S,S,-0.370529943,-0.198295789,-0.172234153,0,1,TSG,FALSE,26,0,0,0,0,0,0,0,0,0,0,0,0,0,0,N/A
SUB1,89,W,W,0.763648019,-0.771049243,0.072246693,-1.462450568,2,,FALSE,27,0,0,0,0,0,0,0,0,0,0,0,0,0,0,N/A
SUB1,89,W,Y,0.484740382,-0.59773952,-0.35427613,-1.436756032,2,,TRUE,27,0,0,0,0,0,0,0,0,0,0,0,0,0,0,N/A
TP53,133,M,L,2.838866457,1.45088157,1.387984887,0,1,TSG,TRUE,28,0,0,0,0,0,0,0,0,0,0,0,0,0,0,Other
TP53,133,M,M,3.35446028,0.909593091,1.773521404,-0.671345785,1,TSG,FALSE,28,0,0,0,0,0,0,0,0,0,0,0,0,0,0,Other
TP53,203,V,A,0.51408368,0.897811885,-0.383728204,0,1,TSG,TRUE,29,0,0,0,0,0,0,0,0,0,0,0,0,0,0,Other
TP53,203,V,V,2.589879847,1.179482191,1.0297841,-0.380613556,1,TSG,FALSE,29,0,0,0,0,0,0,0,0,0,0,0,0,0,0,Other
TP53,235,N,K,-0.874744905,-0.438923747,-0.435821158,0,1,TSG,TRUE,30,0,0,0,0,0,0,0,0,0,0,0,0,0,0,Other
TP53,235,N,N,0.743636212,-0.207296224,0.381597504,-0.569334932,1,TSG,FALSE,30,0,0,0,0,0,0,0,0,0,0,0,0,0,0,Other
TP53,239,N,N,1.754611431,0.54384307,0.757663515,-0.453104846,1,TSG,FALSE,31,0,0,0,0,0,0,0,0,0,0,0,0,0,0,Other
TP53,239,N,Y,1.676367955,0.38528156,1.291086394,0,1,TSG,TRUE,31,0,0,0,0,0,0,0,0,0,0,0,0,0,0,Other
TP53,245,G,G,1.919918069,0.404817001,1.25817183,-0.256929238,1,TSG,FALSE,32,58,7238,0.8,58,16477,1,559,0.18,1,490,0.2,2,1049,0.001906578,2
TP53,245,G,S,1.273691087,0.430608483,0.843082604,0,1,TSG,TRUE,32,58,7238,0.8,58,16477,1,559,0.18,1,490,0.2,2,1049,0.001906578,2
TP53,268,N,D,0.111462224,0.387541435,-0.276079211,0,1,TSG,TRUE,33,0,0,0,0,0,0,0,0,0,0,0,0,0,0,N/A
TP53,268,N,N,0.679784843,-0.095938295,0.312084819,-0.463638319,1,TSG,FALSE,33,0,0,0,0,0,0,0,0,0,0,0,0,0,0,N/A
TP53,272,V,M,3.801006131,1.055397218,0.83055238,-1.915056533,1,TSG,TRUE,34,24,7238,0.33,24,16477,1,559,0.18,0,0,0,1,559,0.001788909,2
TP53,272,V,V,2.274261899,1.240281328,0.704234659,-0.329745913,1,TSG,FALSE,34,24,7238,0.33,24,16477,1,559,0.18,0,0,0,1,559,0.001788909,2
TP53,273,R,R,1.04749442,0.214107702,0.668960866,-0.164425852,1,TSG,FALSE,35,140,7238,1.93,140,16477,1,559,0.18,1,490,0.2,2,1049,0.001906578,1
TP53,273,R,C,0.869162182,0.004723622,-0.427488943,-1.291927503,1,TSG,TRUE,35,140,7238,1.93,140,16477,1,559,0.18,1,490,0.2,2,1049,0.001906578,1
TP53,273,R,H,1.183051167,0.10399829,0.350371229,-0.728681648,1,TSG,TRUE,36,124,7238,1.71,124,16477,1,559,0.18,3,490,0.61,4,1049,0.003813155,1
TP53,273,R,R,1.04749442,0.214107702,0.668960866,-0.164425852,1,TSG,FALSE,36,124,7238,1.71,124,16477,1,559,0.18,3,490,0.61,4,1049,0.003813155,1
TP53,280,R,K,-1.482323468,-1.056350781,-0.425972686,0,1,TSG,TRUE,37,22,7238,0.3,22,16477,0,0,0,1,490,0.2,1,490,0.002040816,3
TP53,280,R,R,-0.737071175,-0.789531793,-0.279075334,-0.331535952,1,TSG,FALSE,37,22,7238,0.3,22,16477,0,0,0,1,490,0.2,1,490,0.002040816,3
TP53,284,T,R,-1.392787005,-1.125367476,-0.410893091,-0.143473562,1,TSG,TRUE,38,0,0,0,0,0,0,0,0,0,0,0,0,0,0,N/A
TP53,284,T,T,-1.23958552,-1.136550318,-0.462657454,-0.359622252,1,TSG,FALSE,38,0,0,0,0,0,0,0,0,0,0,0,0,0,0,N/A
