gene,cancer_role,cgc_tier,uniprot_num,wt_aa,mut_aa,wt_ns,mut_ns,diff_ns,wt_sd,mut_sd,wt_neb,mut_neb,wt_ld,mut_ld,num_ssm_affected_cases,num_cases_in_gene,ssm_affected_cases_percentage,num_gdc_ssm_affected_cases,num_gdc_ssm_cases,count_TCGA-LUAD,total_TCGA-LUAD,perc_TCGA-LUAD,count_TCGA-LUSC,total_TCGA-LUSC,perc_TCGA-LUSC,count_all_lung,total_all_lung,perc_all_lung,cmc_tier
AKT1,oncogene,1,17,E,K,0.217917787,0.178302667,-0.03961512,-0.232959532,-0.51607313,-0.532687063,-0.260501853,-0.983564382,-0.954877651,69,4230,1.63,69,16477,2,559,0.36,0,0,0,2,559,0.003577818,1
ALK,oncogene,1,1275,R,Q,0.656542333,4.539066364,3.882524031,-0.407014715,2.126574501,0.619538158,2.000969651,-0.44401889,-0.411522212,7,3038,0.23,7,16477,0,0,0,0,0,0,0,0,0,N/A
ALK,oncogene,1,1097,C,S,-2.128042235,-2.087774894,0.040267341,-0.866995163,-0.949926386,-0.384675031,-0.454795263,0.876372041,0.683053245,0,0,0,0,0,0,0,0,0,0,0,0,0,0,N/A
ALK,oncogene,1,1174,F,L,2.649682852,1.324058398,-1.325624454,0.714981983,0.619150412,1.521563682,-0.173213579,-0.413137187,-0.878121564,5,3038,0.16,5,16477,0,0,0,0,0,0,0,0,0,1
BRAF,oncogene,1,600,V,E,-0.641199226,-0.615278996,0.02592023,-0.482902232,-0.870018065,-0.234708623,0.025864758,-0.076411629,-0.228874312,621,5012,12.39,621,16477,8,559,1.43,0,0,0,8,559,0.01431127,1
EGFR,oncogene,1,858,L,R,1.844055923,1.564999832,-0.279056091,0.380781353,-0.005402943,0.469010354,0.600439929,-0.994264216,-0.969962846,56,4665,1.2,56,16477,22,559,3.94,1,490,0.2,23,1049,0.021925643,1
EPHA3,,2,596,Y,F,0.413115627,0.673247968,0.260132341,-0.220825087,0.153562506,0.71522546,0.497564877,0.081284746,-0.022120585,0,0,0,0,0,0,0,0,0,0,0,0,0,0,N/A
EPHA3,,2,742,Y,F,0.800596705,0.907201204,0.106604499,0.518888997,0.868110323,0.169190548,0.03909088,-0.11251716,0,0,0,0,0,0,0,0,0,0,0,0,0,0,0,N/A
EPHA3,,2,768,S,A,0.342582928,-0.323128032,-0.66571096,0.537894041,-0.127337484,-0.585786775,-0.590650566,-0.390475661,-0.394860019,0,0,0,0,0,0,0,0,0,0,0,0,0,0,N/A
EPHA3,,2,608,A,T,-0.465838023,-2.022931985,-1.557093962,-0.363881535,-0.871918053,-0.19101773,-0.60309909,-0.089061242,0.547914841,0,0,0,0,0,0,0,0,0,0,0,0,0,0,N/A
FGFR2,oncogene,1,659,K,M,-1.209554726,2.923126025,4.132680751,-1.022662529,0.930024967,-0.481753269,0.398724099,-0.294861072,-1.594376959,0,0,0,0,0,0,0,0,0,0,0,0,0,0,N/A
FGFR2,oncogene,1,659,K,Q,-1.209554726,2.541841866,3.751396592,-1.022662529,0.597327707,-0.481753269,0.325219033,-0.294861072,-1.619295126,0,0,0,0,0,0,0,0,0,0,0,0,0,0,N/A
FGFR2,oncogene,1,491,C,A,-0.626133041,1.021587897,1.647720938,-0.627915367,-0.402483093,-0.362074132,0.335880227,-0.363856459,-1.088190762,0,0,0,0,0,0,0,0,0,0,0,0,0,0,N/A
KEAP1,TSG,1,542,E,A,-1.432401624,-1.102094396,0.330307228,-0.822608302,-0.650313075,-0.454457482,-0.213384486,0.155335841,0.238396835,0,0,0,0,0,0,0,0,0,0,0,0,0,0,N/A
KEAP1,TSG,1,540,E,A,-0.975463118,-1.417840828,-0.44237771,-0.786066996,-0.785822011,0.104850278,-0.408832058,0.2942464,0.223186759,0,0,0,0,0,0,0,0,0,0,0,0,0,0,N/A
KIF5B,fusion,1,168,C,A,0.85744597,2.653525891,1.796079921,0.823687242,0.971591851,-0.239222347,0.1320233,-0.272981075,-1.549910741,0,0,0,0,0,0,0,0,0,0,0,0,0,0,N/A
KIF5B,fusion,1,174,C,S,-1.323501979,-0.753169894,0.570332085,-0.404116835,-0.790661548,-0.523034669,-0.624078464,0.396350477,-0.661570117,0,0,0,0,0,0,0,0,0,0,0,0,0,0,N/A
KIF5B,fusion,1,65,C,A,1.38446504,-0.180570299,-1.565035339,0.314255987,0.047682291,0.578433933,0.150266075,-0.491775121,0.378518665,0,0,0,0,0,0,0,0,0,0,0,0,0,0,N/A
KIF5B,fusion,1,7,C,S,-0.816001876,-2.46057908,-1.644577204,0.469022095,-0.332577432,-0.493650988,-0.640541278,0.791372984,1.487460369,0,0,0,0,0,0,0,0,0,0,0,0,0,0,N/A
KIF5B,fusion,1,294,C,A,3.538858777,1.37738626,-2.161472517,1.438762139,0.924094816,2.447894139,0.478529439,0.347797501,0.025237996,0,0,0,0,0,0,0,0,0,0,0,0,0,0,N/A
KRAS,oncogene,1,12,G,V,0.586749353,0.347473249,-0.239276104,0.168118691,-0.438996167,-0.637115099,-0.090108012,-1.055745761,-0.876577427,301,4813,6.25,301,16477,39,559,6.98,1,490,0.2,40,1049,0.038131554,1
KRAS,oncogene,1,12,G,D,0.586749353,0.113178639,-0.473570714,0.168118691,-0.342230539,-0.637115099,-0.574089876,-1.055745761,-1.029499053,439,4813,9.12,439,16477,18,559,3.22,0,0,0,18,559,0.032200358,1
KRAS,oncogene,1,12,G,C,0.586749353,-0.025027119,-0.611776472,0.168118691,-0.554946273,-0.637115099,-0.460313867,-1.055745761,-0.990233021,160,4813,3.32,160,16477,56,559,10.02,0,0,0,56,559,10.02,1
KRAS,oncogene,1,118,C,S,2.668864263,0.740279881,-1.928584382,0.893803393,0.882759336,1.082040196,-0.466487513,-0.693020673,-0.324008059,1,4813,0.02,1,16477,0,0,0,1,490,0.2,1,490,0.2,Other
RB1,TSG,1,780,S,A,-0.370529943,5.803529713,6.174059656,-0.198295789,0.24756325,-0.172234153,5.555966463,0,0,0,0,0,0,0,0,0,0,0,0,0,0,0,0,N/A
RB1,TSG,1,561,L,F,0.788596261,1.287505671,0.49890941,0.909155103,0.204523831,-0.120558843,1.08298184,0,0,0,0,0,0,0,0,0,0,0,0,0,0,0,0,N/A
SUB1,,2,89,W,Y,0.763648019,0.484740382,-0.278907637,-0.771049243,-0.59773952,0.072246693,-0.35427613,-1.462450568,-1.436756032,0,0,0,0,0,0,0,0,0,0,0,0,0,0,N/A
TP53,TSG,1,272,V,M,2.274261899,3.801006131,1.526744232,1.240281328,1.055397218,0.704234659,0.83055238,-0.329745913,-1.915056533,24,7238,0.33,24,16477,1,559,0.18,0,0,0,1,559,0.001788909,2
TP53,TSG,1,273,R,H,1.04749442,1.183051167,0.135556747,0.214107702,0.10399829,0.668960866,0.350371229,-0.164425852,-0.728681648,124,7238,1.71,124,16477,1,559,0.18,3,490,0.61,4,1049,0.003813155,1
TP53,TSG,1,239,N,Y,1.754611431,1.676367955,-0.078243476,0.54384307,0.38528156,0.757663515,1.291086394,-0.453104846,0,0,0,0,0,0,0,0,0,0,0,0,0,0,0,Other
TP53,TSG,1,284,T,R,-1.23958552,-1.392787005,-0.153201485,-1.136550318,-1.125367476,-0.462657454,-0.410893091,-0.359622252,-0.143473562,0,0,0,0,0,0,0,0,0,0,0,0,0,0,N/A
TP53,TSG,1,273,R,C,1.04749442,0.869162182,-0.178332238,0.214107702,0.004723622,0.668960866,-0.427488943,-0.164425852,-1.291927503,140,7238,1.93,140,16477,1,559,0.18,1,490,0.2,2,1049,0.001906578,1
TP53,TSG,1,133,M,L,3.35446028,2.838866457,-0.515593823,0.909593091,1.45088157,1.773521404,1.387984887,-0.671345785,0,0,0,0,0,0,0,0,0,0,0,0,0,0,0,Other
TP53,TSG,1,268,N,D,0.679784843,0.111462224,-0.568322619,-0.095938295,0.387541435,0.312084819,-0.276079211,-0.463638319,0,0,0,0,0,0,0,0,0,0,0,0,0,0,0,N/A
TP53,TSG,1,245,G,S,1.919918069,1.273691087,-0.646226982,0.404817001,0.430608483,1.25817183,0.843082604,-0.256929238,0,58,7238,0.8,58,16477,1,559,0.18,1,490,0.2,2,1049,0.001906578,2
TP53,TSG,1,280,R,K,-0.737071175,-1.482323468,-0.745252293,-0.789531793,-1.056350781,-0.279075334,-0.425972686,-0.331535952,0,22,7238,0.3,22,16477,0,0,0,1,490,0.2,1,490,0.002040816,3
TP53,TSG,1,235,N,K,0.743636212,-0.874744905,-1.618381117,-0.207296224,-0.438923747,0.381597504,-0.435821158,-0.569334932,0,0,0,0,0,0,0,0,0,0,0,0,0,0,0,Other
TP53,TSG,1,203,V,A,2.589879847,0.51408368,-2.075796167,1.179482191,0.897811885,1.0297841,-0.383728204,-0.380613556,0,0,0,0,0,0,0,0,0,0,0,0,0,0,0,Other
